<collection shelf="New Arrivals">
  <movie title="Enemy Behind">
     <type>War, Thriller</type>
     <format>DVD</format>
     <year>2003</year>
     <description>Talk about a US-Japan war</description>
  </movie>
  <movie title="Golmaal">
    <type>Comedy</type>
    <format>DVD</format>
    <year>2006</year>
    <series no_of_link= "2">
      <Link1 title = "Golmaal 2">
        <Lyear>2008</Lyear>
      </Link1>
      <Link2 title = "Golmaal 3">
        <Lyear>2010</Lyear>
      </Link2>
    </series>
    <description>A Drama Comedy</description>
  </movie>
  <movie title="Ishtar">
     <type>Comedy</type>
     <format>VHS</format>
     <description>Viewable boredom</description>
  </movie>
</collection>
